--Department
INSERT INTO department(number_,country,name_) VALUES (1,'France','Ain');
INSERT INTO department(number_,country,name_) VALUES (83,'France','Var');
INSERT INTO department(number_,country,name_) VALUES (67,'France','Bas-Rhin');
INSERT INTO department(number_,country,name_) VALUES (94,'France','Val de Marne');
INSERT INTO department(number_,country,name_) VALUES (75,'France','Paris');
INSERT INTO department(number_,country,name_) VALUES (3,'France','Allier');
INSERT INTO department(number_,country,name_) VALUES (69,'France','Rhône');
INSERT INTO department(number_,country,name_) VALUES (68,'France','Haut-Rhin');
INSERT INTO department(number_,country,name_) VALUES (13,'France','Bouches-du-Rhône');
INSERT INTO department(number_,country,name_) VALUES (57,'France','Moselle');


--address
INSERT INTO address(idaddress,street,number_,city,postalcode,number_department,country_department) VALUES (1,'rue de la republique',1,'Villejuif','94800',94,'France');
INSERT INTO address(idaddress,street,number_,city,postalcode,number_department,country_department) VALUES (2,'rue de la republique',2,'Villejuif','94800',94,'France');
INSERT INTO address(idaddress,street,number_,city,postalcode,number_department,country_department) VALUES (3,'rue de la republique',3,'Villejuif','94800',94,'France');
INSERT INTO address(idaddress,street,number_,city,postalcode,number_department,country_department) VALUES (4,'rue de la republique',4,'Villejuif','94800',94,'France');
INSERT INTO address(idaddress,street,number_,city,postalcode,number_department,country_department) VALUES (5,'rue de la republique',5,'Villejuif','94800',94,'France');
INSERT INTO address(idaddress,street,number_,city,postalcode,number_department,country_department) VALUES (6,'rue de la republique',1,'Strasbourg','67000',67,'France');
INSERT INTO address(idaddress,street,number_,city,postalcode,number_department,country_department) VALUES (7,'rue de la republique',2,'Strasbourg','67000',67,'France');
INSERT INTO address(idaddress,street,number_,city,postalcode,number_department,country_department) VALUES (8,'rue de la republique',3,'Strasbourg','67000',67,'France');
INSERT INTO address(idaddress,street,number_,city,postalcode,number_department,country_department) VALUES (9,'rue de la republique',4,'Strasbourg','67000',67,'France');
INSERT INTO address(idaddress,street,number_,city,postalcode,number_department,country_department) VALUES (10,'rue de la republique',5,'Strasbourg','67000',67,'France');
INSERT INTO address(idaddress,street,number_,city,postalcode,number_department,country_department) VALUES (11,'rue de la republique',1,'Bourg-en-Bresse','01000',1,'France');
INSERT INTO address(idaddress,street,number_,city,postalcode,number_department,country_department) VALUES (12,'rue de la republique',2,'Bourg-en-Bresse','01000',1,'France');
INSERT INTO address(idaddress,street,number_,city,postalcode,number_department,country_department) VALUES (13,'rue de la republique',3,'Bourg-en-Bresse','01000',1,'France');
INSERT INTO address(idaddress,street,number_,city,postalcode,number_department,country_department) VALUES (14,'rue de la republique',4,'Bourg-en-Bresse','01000',1,'France');
INSERT INTO address(idaddress,street,number_,city,postalcode,number_department,country_department) VALUES (15,'rue de la republique',5,'Bourg-en-Bresse','01000',1,'France');
INSERT INTO address(idaddress,street,number_,city,postalcode,number_department,country_department) VALUES (16,'rue de la republique',1,'Toulon','83000',83,'France');
INSERT INTO address(idaddress,street,number_,city,postalcode,number_department,country_department) VALUES (17,'rue de la republique',2,'Toulon','83000',83,'France');
INSERT INTO address(idaddress,street,number_,city,postalcode,number_department,country_department) VALUES (18,'rue de la republique',3,'Toulon','83000',83,'France');
INSERT INTO address(idaddress,street,number_,city,postalcode,number_department,country_department) VALUES (19,'rue de la republique',4,'Toulon','83000',83,'France');
INSERT INTO address(idaddress,street,number_,city,postalcode,number_department,country_department) VALUES (20,'rue de la republique',5,'Toulon','83000',83,'France');
INSERT INTO address(idaddress,street,number_,city,postalcode,number_department,country_department) VALUES (21,'rue de la republique',1,'Paris','75001',75,'France');
INSERT INTO address(idaddress,street,number_,city,postalcode,number_department,country_department) VALUES (22,'rue de la republique',2,'Paris','75001',75,'France');
INSERT INTO address(idaddress,street,number_,city,postalcode,number_department,country_department) VALUES (23,'rue de la republique',3,'Paris','75001',75,'France');
INSERT INTO address(idaddress,street,number_,city,postalcode,number_department,country_department) VALUES (24,'rue de la republique',4,'Paris','75001',75,'France');
INSERT INTO address(idaddress,street,number_,city,postalcode,number_department,country_department) VALUES (25,'rue de la republique',5,'Paris','75001',75,'France');
INSERT INTO address(idaddress,street,number_,city,postalcode,number_department,country_department) VALUES (26,'rue de la republique',1,'Moulin','03000',3,'France');
INSERT INTO address(idaddress,street,number_,city,postalcode,number_department,country_department) VALUES (27,'rue de la republique',2,'Moulin','03000',3,'France');
INSERT INTO address(idaddress,street,number_,city,postalcode,number_department,country_department) VALUES (28,'rue de la republique',3,'Moulin','03000',3,'France');
INSERT INTO address(idaddress,street,number_,city,postalcode,number_department,country_department) VALUES (29,'rue de la republique',4,'Moulin','03000',3,'France');
INSERT INTO address(idaddress,street,number_,city,postalcode,number_department,country_department) VALUES (30,'rue de la republique',5,'Moulin','03000',3,'France');
INSERT INTO address(idaddress,street,number_,city,postalcode,number_department,country_department) VALUES (31,'rue de la republique',1,'Lyon','69000',69,'France');
INSERT INTO address(idaddress,street,number_,city,postalcode,number_department,country_department) VALUES (32,'rue de la republique',2,'Lyon','69000',69,'France');
INSERT INTO address(idaddress,street,number_,city,postalcode,number_department,country_department) VALUES (33,'rue de la republique',3,'Lyon','69000',69,'France');
INSERT INTO address(idaddress,street,number_,city,postalcode,number_department,country_department) VALUES (34,'rue de la republique',4,'Lyon','69000',69,'France');
INSERT INTO address(idaddress,street,number_,city,postalcode,number_department,country_department) VALUES (35,'rue de la republique',5,'Lyon','69000',69,'France');
INSERT INTO address(idaddress,street,number_,city,postalcode,number_department,country_department) VALUES (36,'rue de la republique',1,'Colmar','68000',68,'France');
INSERT INTO address(idaddress,street,number_,city,postalcode,number_department,country_department) VALUES (37,'rue de la republique',2,'Colmar','68000',68,'France');
INSERT INTO address(idaddress,street,number_,city,postalcode,number_department,country_department) VALUES (38,'rue de la republique',3,'Colmar','68000',68,'France');
INSERT INTO address(idaddress,street,number_,city,postalcode,number_department,country_department) VALUES (39,'rue de la republique',4,'Colmar','68000',68,'France');
INSERT INTO address(idaddress,street,number_,city,postalcode,number_department,country_department) VALUES (40,'rue de la republique',5,'Colmar','68000',68,'France');
INSERT INTO address(idaddress,street,number_,city,postalcode,number_department,country_department) VALUES (41,'rue de la republique',1,'Marseille','13001',13,'France');
INSERT INTO address(idaddress,street,number_,city,postalcode,number_department,country_department) VALUES (42,'rue de la republique',2,'Marseille','13001',13,'France');
INSERT INTO address(idaddress,street,number_,city,postalcode,number_department,country_department) VALUES (43,'rue de la republique',3,'Marseille','13001',13,'France');
INSERT INTO address(idaddress,street,number_,city,postalcode,number_department,country_department) VALUES (44,'rue de la republique',4,'Marseille','13001',13,'France');
INSERT INTO address(idaddress,street,number_,city,postalcode,number_department,country_department) VALUES (45,'rue de la republique',5,'Marseille','13001',13,'France');
INSERT INTO address(idaddress,street,number_,city,postalcode,number_department,country_department) VALUES (46,'rue de la republique',1,'Metz','57000',57,'France');
INSERT INTO address(idaddress,street,number_,city,postalcode,number_department,country_department) VALUES (47,'rue de la republique',2,'Metz','57000',57,'France');
INSERT INTO address(idaddress,street,number_,city,postalcode,number_department,country_department) VALUES (48,'rue de la republique',3,'Metz','57000',57,'France');
INSERT INTO address(idaddress,street,number_,city,postalcode,number_department,country_department) VALUES (49,'rue de la republique',4,'Metz','57000',57,'France');
INSERT INTO address(idaddress,street,number_,city,postalcode,number_department,country_department) VALUES (50,'rue de la republique',5,'Metz','57000',57,'France');


--customer
INSERT INTO customer(idcustomer,compagny_name,telephone) VALUES (1,'Amazon','0101010101');
INSERT INTO customer(idcustomer,compagny_name,telephone) VALUES (2,'LDLC','0101010102');
INSERT INTO customer(idcustomer,compagny_name,telephone) VALUES (3,'CDiscount','0101010103');
INSERT INTO customer(idcustomer,compagny_name,telephone) VALUES (4,'Fnac','0101010104');
INSERT INTO customer(idcustomer,compagny_name,telephone) VALUES (5,'Zalando','0101010105');
INSERT INTO customer(idcustomer,compagny_name,telephone) VALUES (6,'Alibaba','0101010106');
INSERT INTO customer(idcustomer,compagny_name,telephone) VALUES (7,'Zoo plus','0101010107');
INSERT INTO customer(idcustomer,compagny_name,telephone) VALUES (8,'La redoute','0101010108');
INSERT INTO customer(idcustomer,compagny_name,telephone) VALUES (9,'Wanimo','0101010109');
INSERT INTO customer(idcustomer,compagny_name,telephone) VALUES (10,'Micromania','0101010110');

--Customer address
INSERT INTO customer_address(idcustomer,idaddress) VALUES (1,21);
INSERT INTO customer_address(idcustomer,idaddress) VALUES (1,30);
INSERT INTO customer_address(idcustomer,idaddress) VALUES (2,33);
INSERT INTO customer_address(idcustomer,idaddress) VALUES (3,41);
INSERT INTO customer_address(idcustomer,idaddress) VALUES (4,18);
INSERT INTO customer_address(idcustomer,idaddress) VALUES (4,14);
INSERT INTO customer_address(idcustomer,idaddress) VALUES (5,7);
INSERT INTO customer_address(idcustomer,idaddress) VALUES (6,38);
INSERT INTO customer_address(idcustomer,idaddress) VALUES (7,45);
INSERT INTO customer_address(idcustomer,idaddress) VALUES (8,18);
INSERT INTO customer_address(idcustomer,idaddress) VALUES (9,45);
INSERT INTO customer_address(idcustomer,idaddress) VALUES (10,34);

--Customer contract
INSERT INTO customer_contract(idcontract,idcustomer,start_date,end_date,coef_weight,coef_size,active) VALUES(1,1,TO_DATE('2020/11/07','YYYY/MM/DD'),TO_DATE('2021/11/07','YYYY/MM/DD'),1,1.8,'0');
INSERT INTO customer_contract(idcontract,idcustomer,start_date,end_date,coef_weight,coef_size,active) VALUES(2,1,TO_DATE('2021/11/07','YYYY/MM/DD'),TO_DATE('2025/11/07','YYYY/MM/DD'),1.1,2.3,'1');
INSERT INTO customer_contract(idcontract,idcustomer,start_date,end_date,coef_weight,coef_size,active) VALUES(3,2,TO_DATE('2020/11/07','YYYY/MM/DD'),TO_DATE('2023/11/07','YYYY/MM/DD'),0.8,0.3,'1');
INSERT INTO customer_contract(idcontract,idcustomer,start_date,end_date,coef_weight,coef_size,active) VALUES(4,3,TO_DATE('2020/11/07','YYYY/MM/DD'),TO_DATE('2021/11/07','YYYY/MM/DD'),0.7,0.5,'0');
INSERT INTO customer_contract(idcontract,idcustomer,start_date,end_date,coef_weight,coef_size,active) VALUES(5,3,TO_DATE('2020/11/07','YYYY/MM/DD'),TO_DATE('2038/11/07','YYYY/MM/DD'),1.5,2.3,'1');
INSERT INTO customer_contract(idcontract,idcustomer,start_date,end_date,coef_weight,coef_size,active) VALUES(6,4,TO_DATE('2020/11/07','YYYY/MM/DD'),TO_DATE('2022/11/07','YYYY/MM/DD'),0.3,1.4,'1');
INSERT INTO customer_contract(idcontract,idcustomer,start_date,end_date,coef_weight,coef_size,active) VALUES(7,5,TO_DATE('2003/11/07','YYYY/MM/DD'),TO_DATE('2025/11/07','YYYY/MM/DD'),0.7,0.7,'1');
INSERT INTO customer_contract(idcontract,idcustomer,start_date,end_date,coef_weight,coef_size,active) VALUES(8,6,TO_DATE('2020/11/07','YYYY/MM/DD'),TO_DATE('2025/11/07','YYYY/MM/DD'),3,0.8,'1');
INSERT INTO customer_contract(idcontract,idcustomer,start_date,end_date,coef_weight,coef_size,active) VALUES(9,7,TO_DATE('2008/11/07','YYYY/MM/DD'),TO_DATE('2011/11/07','YYYY/MM/DD'),0.2,0.6,'0');
INSERT INTO customer_contract(idcontract,idcustomer,start_date,end_date,coef_weight,coef_size,active) VALUES(10,7,TO_DATE('2011/11/07','YYYY/MM/DD'),TO_DATE('2030/11/07','YYYY/MM/DD'),0.6,0.7,'1');
INSERT INTO customer_contract(idcontract,idcustomer,start_date,end_date,coef_weight,coef_size,active) VALUES(11,8,TO_DATE('2020/11/07','YYYY/MM/DD'),TO_DATE('2021/11/07','YYYY/MM/DD'),1.5,1.5,'0');
INSERT INTO customer_contract(idcontract,idcustomer,start_date,end_date,coef_weight,coef_size,active) VALUES(12,8,TO_DATE('2021/11/07','YYYY/MM/DD'),TO_DATE('2080/11/07','YYYY/MM/DD'),1.7,0.7,'1');
INSERT INTO customer_contract(idcontract,idcustomer,start_date,end_date,coef_weight,coef_size,active) VALUES(13,9,TO_DATE('2020/11/07','YYYY/MM/DD'),TO_DATE('2030/11/07','YYYY/MM/DD'),0.5,2,'1');
INSERT INTO customer_contract(idcontract,idcustomer,start_date,end_date,coef_weight,coef_size,active) VALUES(14,10,TO_DATE('2020/11/07','YYYY/MM/DD'),TO_DATE('2035/11/07','YYYY/MM/DD'),0.8,2,'1');


--invoice
INSERT INTO invoice(idinvoice,paid,emission_date,payment_date,price,nb_packages,delivery_r_r,delivery_r_a,delivery_a_r,delivery_a_a,idcustomer)
VALUES (1,'1',TO_DATE('2021/11/07','YYYY/MM/DD'),TO_DATE('2021/11/07','YYYY/MM/DD'),8000,25,6,7,6,6,1);
INSERT INTO invoice(idinvoice,paid,emission_date,payment_date,price,nb_packages,delivery_r_r,delivery_r_a,delivery_a_r,delivery_a_a,idcustomer)
VALUES (2,'1',TO_DATE('2021/11/07','YYYY/MM/DD'),TO_DATE('2021/11/07','YYYY/MM/DD'),8500,25,6,7,6,6,2);
INSERT INTO invoice(idinvoice,paid,emission_date,price,nb_packages,delivery_r_r,delivery_r_a,delivery_a_r,delivery_a_a,idcustomer)
VALUES (3,'0',TO_DATE('2021/11/07','YYYY/MM/DD'),8000,25,6,7,6,6,3);
INSERT INTO invoice(idinvoice,paid,emission_date,payment_date,price,nb_packages,delivery_r_r,delivery_r_a,delivery_a_r,delivery_a_a,idcustomer)
VALUES (4,'1',TO_DATE('2021/11/07','YYYY/MM/DD'),TO_DATE('2021/11/07','YYYY/MM/DD'),8000,25,6,7,6,6,4);
INSERT INTO invoice(idinvoice,paid,emission_date,payment_date,price,nb_packages,delivery_r_r,delivery_r_a,delivery_a_r,delivery_a_a,idcustomer)
VALUES (5,'1',TO_DATE('2021/11/07','YYYY/MM/DD'),TO_DATE('2021/11/07','YYYY/MM/DD'),8000,25,6,7,6,6,5);
INSERT INTO invoice(idinvoice,paid,emission_date,payment_date,price,nb_packages,delivery_r_r,delivery_r_a,delivery_a_r,delivery_a_a,idcustomer)
VALUES (6,'1',TO_DATE('2021/11/07','YYYY/MM/DD'),TO_DATE('2021/11/07','YYYY/MM/DD'),8000,25,6,7,6,6,6);
INSERT INTO invoice(idinvoice,paid,emission_date,payment_date,price,nb_packages,delivery_r_r,delivery_r_a,delivery_a_r,delivery_a_a,idcustomer)
VALUES (7,'1',TO_DATE('2021/11/07','YYYY/MM/DD'),TO_DATE('2021/11/07','YYYY/MM/DD'),8000,25,6,7,6,6,7);
INSERT INTO invoice(idinvoice,paid,emission_date,payment_date,price,nb_packages,delivery_r_r,delivery_r_a,delivery_a_r,delivery_a_a,idcustomer)
VALUES (8,'1',TO_DATE('2021/11/07','YYYY/MM/DD'),TO_DATE('2021/11/07','YYYY/MM/DD'),8000,25,6,7,6,6,8);
INSERT INTO invoice(idinvoice,paid,emission_date,payment_date,price,nb_packages,delivery_r_r,delivery_r_a,delivery_a_r,delivery_a_a,idcustomer)
VALUES (9,'1',TO_DATE('2021/11/07','YYYY/MM/DD'),TO_DATE('2021/11/07','YYYY/MM/DD'),8000,25,6,7,6,6,9);
INSERT INTO invoice(idinvoice,paid,emission_date,payment_date,price,nb_packages,delivery_r_r,delivery_r_a,delivery_a_r,delivery_a_a,idcustomer)
VALUES (10,'1',TO_DATE('2021/11/07','YYYY/MM/DD'),TO_DATE('2021/11/07','YYYY/MM/DD'),8000,25,6,7,6,6,10);

--Package
INSERT INTO package_(idpackage,size_,weight) VALUES (1,25,25);
INSERT INTO package_(idpackage,size_,weight) VALUES (2,25,25);
INSERT INTO package_(idpackage,size_,weight) VALUES (3,25,25);
INSERT INTO package_(idpackage,size_,weight) VALUES (4,25,25);
INSERT INTO package_(idpackage,size_,weight) VALUES (5,25,25);
INSERT INTO package_(idpackage,size_,weight) VALUES (6,25,25);
INSERT INTO package_(idpackage,size_,weight) VALUES (7,25,25);
INSERT INTO package_(idpackage,size_,weight) VALUES (8,25,25);
INSERT INTO package_(idpackage,size_,weight) VALUES (9,25,25);
INSERT INTO package_(idpackage,size_,weight) VALUES (10,25,25);


--delivery driver
INSERT INTO delivery_drivers(idperson,lastname,firstname,idaddress) VALUES(1,'DUPOND','Jean',15);
INSERT INTO delivery_drivers(idperson,lastname,firstname,idaddress) VALUES(2,'DUPONT','Jean',45);
INSERT INTO delivery_drivers(idperson,lastname,firstname,idaddress) VALUES(3,'DUPOND','Jeanne',33);
INSERT INTO delivery_drivers(idperson,lastname,firstname,idaddress) VALUES(4,'DUPONT','Jeanne',7);
INSERT INTO delivery_drivers(idperson,lastname,firstname,idaddress) VALUES(5,'DUPOND','Jeannot',47);
INSERT INTO delivery_drivers(idperson,lastname,firstname,idaddress) VALUES(6,'DUPONT','Jeannot',33);
INSERT INTO delivery_drivers(idperson,lastname,firstname,idaddress) VALUES(7,'DUPOND','Yann',47);
INSERT INTO delivery_drivers(idperson,lastname,firstname,idaddress) VALUES(8,'DUPONT','Yann',39);
INSERT INTO delivery_drivers(idperson,lastname,firstname,idaddress) VALUES(9,'DUPOND','John',15);
INSERT INTO delivery_drivers(idperson,lastname,firstname,idaddress) VALUES(10,'DUPONT','John',7);

--Person
INSERT INTO person(idperson,lastname,firstname,idaddress) VALUES(1,'WOO','Arthur',1);
INSERT INTO person(idperson,lastname,firstname,idaddress) VALUES(2,'WOOH','Arthur',11);
INSERT INTO person(idperson,lastname,firstname,idaddress) VALUES(3,'WOO','Martin',25);
INSERT INTO person(idperson,lastname,firstname,idaddress) VALUES(4,'WOOH','Martin',36);
INSERT INTO person(idperson,lastname,firstname,idaddress) VALUES(5,'WOO','Bob',47);
INSERT INTO person(idperson,lastname,firstname,idaddress) VALUES(6,'WOOH','Bob',6);
INSERT INTO person(idperson,lastname,firstname,idaddress) VALUES(7,'WOO','Phil',14);
INSERT INTO person(idperson,lastname,firstname,idaddress) VALUES(8,'WOOH','Phil',35);
INSERT INTO person(idperson,lastname,firstname,idaddress) VALUES(9,'WOO','Mathilde',41);
INSERT INTO person(idperson,lastname,firstname,idaddress) VALUES(10,'WOOH','Mathilde',47);

--receiver
INSERT INTO receiver(idperson,lastname,firstname,idaddress) VALUES(1,'SCHMIDT','Gérard',11);
INSERT INTO receiver(idperson,lastname,firstname,idaddress) VALUES(2,'SCHMITT','Gérard',11);
INSERT INTO receiver(idperson,lastname,firstname,idaddress) VALUES(3,'SCHMIDT','Benjamin',11);
INSERT INTO receiver(idperson,lastname,firstname,idaddress) VALUES(4,'SCHMITT','Benjamin',11);
INSERT INTO receiver(idperson,lastname,firstname,idaddress) VALUES(5,'SCHMIDT','Alexandre',11);
INSERT INTO receiver(idperson,lastname,firstname,idaddress) VALUES(6,'SCHMITT','Alexandre',11);
INSERT INTO receiver(idperson,lastname,firstname,idaddress) VALUES(7,'SCHMIDT','Carl',11);
INSERT INTO receiver(idperson,lastname,firstname,idaddress) VALUES(8,'SCHMITT','Carl',11);
INSERT INTO receiver(idperson,lastname,firstname,idaddress) VALUES(9,'SCHMIDT','Josianne',11);
INSERT INTO receiver(idperson,lastname,firstname,idaddress) VALUES(10,'SCHMITT','Josianne',11);

--relay point
INSERT INTO relay_point(idrelay,idperson,company_name,telephon,idaddress) VALUES(1,1,'Coxy relai','0101010112',1);
INSERT INTO relay_point(idrelay,idperson,company_name,telephon,idaddress) VALUES(2,2,'Loxy relai','0101010113',11);
INSERT INTO relay_point(idrelay,idperson,company_name,telephon,idaddress) VALUES(3,3,'Midi relai','0101010114',25);
INSERT INTO relay_point(idrelay,idperson,company_name,telephon,idaddress) VALUES(4,4,'Minuit relai','0101010115',36);
INSERT INTO relay_point(idrelay,idperson,company_name,telephon,idaddress) VALUES(5,5,'Simply','0101010116',47);
INSERT INTO relay_point(idrelay,idperson,company_name,telephon,idaddress) VALUES(6,6,'Carrefour','0101010117',6);
INSERT INTO relay_point(idrelay,idperson,company_name,telephon,idaddress) VALUES(7,7,'Lui relai','0101010118',14);
INSERT INTO relay_point(idrelay,idperson,company_name,telephon,idaddress) VALUES(8,8,'Eux relai','0101010119',35);
INSERT INTO relay_point(idrelay,idperson,company_name,telephon,idaddress) VALUES(9,9,'Relai relai','0101010120',41);
INSERT INTO relay_point(idrelay,idperson,company_name,telephon,idaddress) VALUES(10,10,'Colis relai','0101010121',47);

--relay point contract
INSERT INTO relay_point_contract(idcontract,idrelay,notice_date,start_date,end_date) VALUES(1,1,TO_DATE('2018/11/07','YYYY/MM/DD'),TO_DATE('2018/11/07','YYYY/MM/DD'),TO_DATE('2023/11/07','YYYY/MM/DD'));
INSERT INTO relay_point_contract(idcontract,idrelay,notice_date,start_date,end_date) VALUES(2,2,TO_DATE('2018/11/07','YYYY/MM/DD'),TO_DATE('2018/11/07','YYYY/MM/DD'),TO_DATE('2023/11/07','YYYY/MM/DD'));
INSERT INTO relay_point_contract(idcontract,idrelay,notice_date,start_date,end_date) VALUES(3,3,TO_DATE('2018/11/07','YYYY/MM/DD'),TO_DATE('2018/11/07','YYYY/MM/DD'),TO_DATE('2023/11/07','YYYY/MM/DD'));
INSERT INTO relay_point_contract(idcontract,idrelay,notice_date,start_date,end_date) VALUES(4,4,TO_DATE('2018/11/07','YYYY/MM/DD'),TO_DATE('2018/11/07','YYYY/MM/DD'),TO_DATE('2023/11/07','YYYY/MM/DD'));
INSERT INTO relay_point_contract(idcontract,idrelay,notice_date,start_date,end_date) VALUES(5,5,TO_DATE('2018/11/07','YYYY/MM/DD'),TO_DATE('2018/11/07','YYYY/MM/DD'),TO_DATE('2023/11/07','YYYY/MM/DD'));
INSERT INTO relay_point_contract(idcontract,idrelay,notice_date,start_date,end_date) VALUES(6,6,TO_DATE('2018/11/07','YYYY/MM/DD'),TO_DATE('2018/11/07','YYYY/MM/DD'),TO_DATE('2023/11/07','YYYY/MM/DD'));
INSERT INTO relay_point_contract(idcontract,idrelay,notice_date,start_date,end_date) VALUES(7,7,TO_DATE('2018/11/07','YYYY/MM/DD'),TO_DATE('2018/11/07','YYYY/MM/DD'),TO_DATE('2023/11/07','YYYY/MM/DD'));
INSERT INTO relay_point_contract(idcontract,idrelay,notice_date,start_date,end_date) VALUES(8,8,TO_DATE('2018/11/07','YYYY/MM/DD'),TO_DATE('2018/11/07','YYYY/MM/DD'),TO_DATE('2023/11/07','YYYY/MM/DD'));
INSERT INTO relay_point_contract(idcontract,idrelay,notice_date,start_date,end_date) VALUES(9,9,TO_DATE('2018/11/07','YYYY/MM/DD'),TO_DATE('2018/11/07','YYYY/MM/DD'),TO_DATE('2023/11/07','YYYY/MM/DD'));
INSERT INTO relay_point_contract(idcontract,idrelay,notice_date,start_date,end_date) VALUES(10,10,TO_DATE('2018/11/07','YYYY/MM/DD'),TO_DATE('2018/11/07','YYYY/MM/DD'),TO_DATE('2023/11/07','YYYY/MM/DD'));

--relay rate
INSERT INTO relay_rate(idrelayrate,idcontract,start_date,end_date,value_) VALUES(1,1,TO_DATE('2018/11/07','YYYY/MM/DD'),TO_DATE('2021/11/07','YYYY/MM/DD'),1.5);
INSERT INTO relay_rate(idrelayrate,idcontract,start_date,end_date,value_) VALUES(2,2,TO_DATE('2018/11/07','YYYY/MM/DD'),TO_DATE('2021/11/07','YYYY/MM/DD'),1.5);
INSERT INTO relay_rate(idrelayrate,idcontract,start_date,end_date,value_) VALUES(3,3,TO_DATE('2018/11/07','YYYY/MM/DD'),TO_DATE('2021/11/07','YYYY/MM/DD'),1.5);
INSERT INTO relay_rate(idrelayrate,idcontract,start_date,end_date,value_) VALUES(4,4,TO_DATE('2018/11/07','YYYY/MM/DD'),TO_DATE('2021/11/07','YYYY/MM/DD'),1.5);
INSERT INTO relay_rate(idrelayrate,idcontract,start_date,end_date,value_) VALUES(5,5,TO_DATE('2018/11/07','YYYY/MM/DD'),TO_DATE('2021/11/07','YYYY/MM/DD'),1.5);
INSERT INTO relay_rate(idrelayrate,idcontract,start_date,end_date,value_) VALUES(6,6,TO_DATE('2018/11/07','YYYY/MM/DD'),TO_DATE('2021/11/07','YYYY/MM/DD'),1.5);
INSERT INTO relay_rate(idrelayrate,idcontract,start_date,end_date,value_) VALUES(7,7,TO_DATE('2018/11/07','YYYY/MM/DD'),TO_DATE('2021/11/07','YYYY/MM/DD'),1.5);
INSERT INTO relay_rate(idrelayrate,idcontract,start_date,end_date,value_) VALUES(8,8,TO_DATE('2018/11/07','YYYY/MM/DD'),TO_DATE('2021/11/07','YYYY/MM/DD'),1.5);
INSERT INTO relay_rate(idrelayrate,idcontract,start_date,end_date,value_) VALUES(9,9,TO_DATE('2018/11/07','YYYY/MM/DD'),TO_DATE('2021/11/07','YYYY/MM/DD'),1.5);
INSERT INTO relay_rate(idrelayrate,idcontract,start_date,end_date,value_) VALUES(10,10,TO_DATE('2018/11/07','YYYY/MM/DD'),TO_DATE('2021/11/07','YYYY/MM/DD'),1.5);

--Hours
INSERT INTO hours_(idhours,idrelay,opening_hours,closing_hours,day_,start_date,end_date) VALUES(1,1,'9h','18h','LMMJVS',TO_DATE('2021/09/01','YYYY/MM/DD'),TO_DATE('2022/03/01','YYYY/MM/DD'));
INSERT INTO hours_(idhours,idrelay,opening_hours,closing_hours,day_,start_date,end_date) VALUES(2,2,'9h','18h','LMMJVS',TO_DATE('2021/09/01','YYYY/MM/DD'),TO_DATE('2022/03/01','YYYY/MM/DD'));
INSERT INTO hours_(idhours,idrelay,opening_hours,closing_hours,day_,start_date,end_date) VALUES(3,3,'9h','18h','LMMJVS',TO_DATE('2021/09/01','YYYY/MM/DD'),TO_DATE('2022/03/01','YYYY/MM/DD'));
INSERT INTO hours_(idhours,idrelay,opening_hours,closing_hours,day_,start_date,end_date) VALUES(4,4,'9h','18h','LMMJVS',TO_DATE('2021/09/01','YYYY/MM/DD'),TO_DATE('2022/03/01','YYYY/MM/DD'));
INSERT INTO hours_(idhours,idrelay,opening_hours,closing_hours,day_,start_date,end_date) VALUES(5,5,'9h','18h','LMMJVS',TO_DATE('2021/09/01','YYYY/MM/DD'),TO_DATE('2022/03/01','YYYY/MM/DD'));
INSERT INTO hours_(idhours,idrelay,opening_hours,closing_hours,day_,start_date,end_date) VALUES(6,6,'9h','18h','LMMJVS',TO_DATE('2021/09/01','YYYY/MM/DD'),TO_DATE('2022/03/01','YYYY/MM/DD'));
INSERT INTO hours_(idhours,idrelay,opening_hours,closing_hours,day_,start_date,end_date) VALUES(7,7,'9h','18h','LMMJVS',TO_DATE('2021/09/01','YYYY/MM/DD'),TO_DATE('2022/03/01','YYYY/MM/DD'));
INSERT INTO hours_(idhours,idrelay,opening_hours,closing_hours,day_,start_date,end_date) VALUES(8,8,'9h','18h','LMMJVS',TO_DATE('2021/09/01','YYYY/MM/DD'),TO_DATE('2022/03/01','YYYY/MM/DD'));
INSERT INTO hours_(idhours,idrelay,opening_hours,closing_hours,day_,start_date,end_date) VALUES(9,9,'9h','18h','LMMJVS',TO_DATE('2021/09/01','YYYY/MM/DD'),TO_DATE('2022/03/01','YYYY/MM/DD'));
INSERT INTO hours_(idhours,idrelay,opening_hours,closing_hours,day_,start_date,end_date) VALUES(10,10,'9h','18h','LMMJVS',TO_DATE('2021/09/01','YYYY/MM/DD'),TO_DATE('2022/03/01','YYYY/MM/DD'));

--Daily route
INSERT INTO daily_route(idroute,idperson,date_) VALUES(1,1,TO_DATE('2021/09/01','YYYY/MM/DD'));
INSERT INTO daily_route(idroute,idperson,date_) VALUES(2,2,TO_DATE('2021/09/01','YYYY/MM/DD'));
INSERT INTO daily_route(idroute,idperson,date_) VALUES(3,3,TO_DATE('2021/09/01','YYYY/MM/DD'));
INSERT INTO daily_route(idroute,idperson,date_) VALUES(4,4,TO_DATE('2021/09/01','YYYY/MM/DD'));
INSERT INTO daily_route(idroute,idperson,date_) VALUES(5,5,TO_DATE('2021/09/01','YYYY/MM/DD'));
INSERT INTO daily_route(idroute,idperson,date_) VALUES(6,6,TO_DATE('2021/09/01','YYYY/MM/DD'));
INSERT INTO daily_route(idroute,idperson,date_) VALUES(7,7,TO_DATE('2021/09/01','YYYY/MM/DD'));
INSERT INTO daily_route(idroute,idperson,date_) VALUES(8,8,TO_DATE('2021/09/01','YYYY/MM/DD'));
INSERT INTO daily_route(idroute,idperson,date_) VALUES(9,9,TO_DATE('2021/09/01','YYYY/MM/DD'));
INSERT INTO daily_route(idroute,idperson,date_) VALUES(10,10,TO_DATE('2021/09/01','YYYY/MM/DD'));

--Delivery
INSERT INTO delivery(iddelivery,idpackage,idperson,idcustomer,idroute,sending_date,receiving_date,sending_relay,receiving_relay,id_sending_address,id_receiving_address,actual_address)
VALUES (1,1,1,1,1,TO_DATE('2021/09/01','YYYY/MM/DD'),TO_DATE('2021/09/05','YYYY/MM/DD'),'1','1',1,11,1);
INSERT INTO delivery(iddelivery,idpackage,idperson,idcustomer,idroute,sending_date,receiving_date,sending_relay,receiving_relay,id_sending_address,id_receiving_address,actual_address)
VALUES (2,2,2,2,2,TO_DATE('2021/09/01','YYYY/MM/DD'),TO_DATE('2021/09/05','YYYY/MM/DD'),'1','1',1,11,1);
INSERT INTO delivery(iddelivery,idpackage,idperson,idcustomer,idroute,sending_date,receiving_date,sending_relay,receiving_relay,id_sending_address,id_receiving_address,actual_address)
VALUES (3,3,3,3,3,TO_DATE('2021/09/01','YYYY/MM/DD'),TO_DATE('2021/09/05','YYYY/MM/DD'),'1','1',1,11,1);
INSERT INTO delivery(iddelivery,idpackage,idperson,idcustomer,idroute,sending_date,receiving_date,sending_relay,receiving_relay,id_sending_address,id_receiving_address,actual_address)
VALUES (4,4,4,4,4,TO_DATE('2021/09/01','YYYY/MM/DD'),TO_DATE('2021/09/05','YYYY/MM/DD'),'0','1',1,11,1);
INSERT INTO delivery(iddelivery,idpackage,idperson,idcustomer,idroute,sending_date,receiving_date,sending_relay,receiving_relay,id_sending_address,id_receiving_address,actual_address)
VALUES (5,5,5,5,5,TO_DATE('2021/09/01','YYYY/MM/DD'),TO_DATE('2021/09/05','YYYY/MM/DD'),'0','1',1,11,1);
INSERT INTO delivery(iddelivery,idpackage,idperson,idcustomer,idroute,sending_date,receiving_date,sending_relay,receiving_relay,id_sending_address,id_receiving_address,actual_address)
VALUES (6,6,6,6,6,TO_DATE('2021/09/01','YYYY/MM/DD'),TO_DATE('2021/09/05','YYYY/MM/DD'),'0','1',1,11,1);
INSERT INTO delivery(iddelivery,idpackage,idperson,idcustomer,idroute,sending_date,receiving_date,sending_relay,receiving_relay,id_sending_address,id_receiving_address,actual_address)
VALUES (7,7,7,7,7,TO_DATE('2021/09/01','YYYY/MM/DD'),TO_DATE('2021/09/05','YYYY/MM/DD'),'1','0',1,11,1);
INSERT INTO delivery(iddelivery,idpackage,idperson,idcustomer,idroute,sending_date,receiving_date,sending_relay,receiving_relay,id_sending_address,id_receiving_address,actual_address)
VALUES (8,8,8,8,8,TO_DATE('2021/09/01','YYYY/MM/DD'),TO_DATE('2021/09/05','YYYY/MM/DD'),'1','0',1,11,1);
INSERT INTO delivery(iddelivery,idpackage,idperson,idcustomer,idroute,sending_date,receiving_date,sending_relay,receiving_relay,id_sending_address,id_receiving_address,actual_address)
VALUES (9,9,9,9,9,TO_DATE('2021/09/01','YYYY/MM/DD'),TO_DATE('2021/09/05','YYYY/MM/DD'),'0','0',1,11,1);
INSERT INTO delivery(iddelivery,idpackage,idperson,idcustomer,idroute,sending_date,receiving_date,sending_relay,receiving_relay,id_sending_address,id_receiving_address,actual_address)
VALUES (10,10,10,10,10,TO_DATE('2021/09/01','YYYY/MM/DD'),TO_DATE('2021/09/05','YYYY/MM/DD'),'0','0',1,11,1);

--department_delivery_driver
INSERT INTO department_delivery_drivers(idperson,number_,country) VALUES(1,1,'France');
INSERT INTO department_delivery_drivers(idperson,number_,country) VALUES(2,13,'France');
INSERT INTO department_delivery_drivers(idperson,number_,country) VALUES(3,69,'France');
INSERT INTO department_delivery_drivers(idperson,number_,country) VALUES(4,67,'France');
INSERT INTO department_delivery_drivers(idperson,number_,country) VALUES(5,57,'France');
INSERT INTO department_delivery_drivers(idperson,number_,country) VALUES(6,69,'France');
INSERT INTO department_delivery_drivers(idperson,number_,country) VALUES(7,57,'France');
INSERT INTO department_delivery_drivers(idperson,number_,country) VALUES(8,68,'France');
INSERT INTO department_delivery_drivers(idperson,number_,country) VALUES(9,1,'France');
INSERT INTO department_delivery_drivers(idperson,number_,country) VALUES(10,67,'France');





